{"cameraMode":{"drawMode":0,"name":"Shaded","section":"Shading Mode"},"sceneLighting":true,"audioPlay":false,"sceneViewState":{"showFog":true,"showMaterialUpdate":false,"showSkybox":true,"showFlares":true,"showImageEffects":true,"showParticleSystems":true},"in2DMode":false,"pivot":{"x":-66.50326538085938,"y":2.757110595703125,"z":-23.599857330322267},"rotation":{"x":-0.2756056785583496,"y":-0.5802860260009766,"z":0.21762943267822267,"w":-0.7348486185073853},"size":4.348597049713135,"orthographic":false}