{"cameraMode":{"drawMode":0,"name":"Shaded","section":"Shading Mode"},"sceneLighting":true,"audioPlay":false,"sceneViewState":{"showFog":true,"showMaterialUpdate":false,"showSkybox":true,"showFlares":true,"showImageEffects":true,"showParticleSystems":true},"in2DMode":false,"pivot":{"x":25.704002380371095,"y":29.754858016967775,"z":-29.187448501586915},"rotation":{"x":-0.19565734267234803,"y":0.4496375024318695,"z":-0.10165085643529892,"w":-0.8655913472175598},"size":0.8660253882408142,"orthographic":false}