{"cameraMode":{"drawMode":0,"name":"Shaded","section":"Shading Mode"},"sceneLighting":true,"audioPlay":false,"sceneViewState":{"showFog":true,"showMaterialUpdate":false,"showSkybox":true,"showFlares":true,"showImageEffects":true,"showParticleSystems":true},"in2DMode":false,"pivot":{"x":157.1920928955078,"y":365.6252136230469,"z":-349.2125244140625},"rotation":{"x":-0.15206296741962434,"y":-0.37721070647239687,"z":0.06290833652019501,"w":-0.9114161729812622},"size":0.8660253882408142,"orthographic":false}