{"cameraMode":{"drawMode":0,"name":"Shaded","section":"Shading Mode"},"sceneLighting":true,"audioPlay":false,"sceneViewState":{"showFog":true,"showMaterialUpdate":false,"showSkybox":true,"showFlares":true,"showImageEffects":true,"showParticleSystems":true},"in2DMode":false,"pivot":{"x":-68.44999694824219,"y":0.7899999618530273,"z":-17.459999084472658},"rotation":{"x":-0.3705904185771942,"y":0.02700784243643284,"z":-0.010813159868121148,"w":-0.9283507466316223},"size":6.496861934661865,"orthographic":false}